time,S0,S1,S2,S3,S4,S5,S6,S7,startTime:,23:28:15:127
1,109,350,88,35,340,242,90,192, ,
475,58,329,51,13,316,227,141,259, ,
507,85,334,42,25,306,236,124,272, ,
533,88,345,31,43,330,213,154,288, ,
558,125,353,34,24,330,233,170,320, ,
585,81,348,31,20,379,221,163,348, ,
610,224,320,51,28,305,250,176,383, ,
636,67,276,75,29,293,249,170,411, ,
662,100,282,44,26,296,244,180,414, ,
688,103,266,36,21,290,244,182,423, ,
713,48,240,30,20,307,252,178,426, ,
740,54,243,35,13,271,247,184,437, ,
767,64,254,44,3,292,256,186,433, ,
794,53,238,51,12,293,267,188,422, ,
819,87,245,50,18,284,260,210,420, ,
845,90,252,30,26,288,247,217,421, ,
871,62,228,11,21,281,236,218,443, ,
897,137,246,58,8,266,250,218,455, ,
933,94,258,12,39,267,232,237,472, ,
960,104,263,17,23,264,239,178,471, ,
985,72,259,65,8,273,253,225,478, ,
1012,106,263,47,5,259,336,232,469, ,
1037,92,268,13,31,371,243,247,480, ,
1065,97,266,25,24,266,227,254,491, ,
1091,128,258,34,14,235,249,251,540, ,
1117,76,243,23,53,248,239,267,497, ,
1143,74,270,38,9,251,239,255,496, ,
1169,81,274,45,13,254,240,277,508, ,
1194,62,266,65,6,256,255,285,527, ,
1221,68,284,41,4,255,241,312,599, ,
1246,80,272,72,26,256,245,321,631, ,
1273,70,280,13,35,273,230,377,740, ,
1298,66,258,27,10,261,239,428,852, ,
1324,87,261,33,27,263,220,491,977, ,
1352,90,281,3,14,289,247,517,1035, ,
1378,114,299,44,7,312,276,499,1060, ,
1403,177,362,13,27,375,295,514,982, ,
1430,126,444,39,22,420,295,485,950, ,
1455,134,501,39,10,430,338,486,912, ,
1482,213,584,36,28,470,323,486,900, ,
1507,243,630,6,32,486,331,490,851, ,
1534,257,694,65,22,480,379,459,779, ,
1559,244,757,27,17,513,320,398,691, ,
1585,274,804,34,11,538,331,347,579, ,
1611,251,828,41,35,511,284,338,514, ,
1639,243,775,36,34,477,292,350,509, ,
1664,221,662,70,28,419,283,374,567, ,
1691,172,521,15,45,362,290,428,659, ,
1716,129,411,36,32,346,273,436,702, ,
1756,122,282,66,8,307,277,480,769, ,
1782,49,196,21,7,278,249,536,908, ,
1808,119,126,20,33,212,236,624,1025, ,
1834,38,104,14,22,186,224,665,1127, ,
1860,70,71,15,17,176,229,663,1072, ,
1886,38,128,3,17,196,221,645,1028, ,
1911,21,116,132,8,200,236,618,1014, ,
1940,88,155,6,36,220,224,623,969, ,
1965,73,179,9,33,249,251,603,907, ,
1992,134,214,56,10,253,279,587,857, ,
2017,83,246,4,28,272,259,589,860, ,
2043,96,254,13,21,304,280,597,860, ,
2069,154,297,25,29,317,306,590,765, ,
2095,149,378,114,21,360,293,567,746, ,
2121,219,451,56,33,384,324,589,732, ,
2158,237,480,68,6,390,342,606,752, ,
2184,205,545,86,4,410,317,607,759, ,
2210,239,607,91,9,398,313,631,764, ,
2238,285,737,33,45,415,290,667,767, ,
2264,265,802,82,21,422,280,659,784, ,
2290,275,891,52,24,406,281,671,749, ,
2315,240,963,80,42,380,252,656,756, ,
2342,252,996,105,7,344,255,671,776, ,
2367,267,1033,54,30,311,277,701,801, ,
2394,254,1041,86,23,310,264,684,795, ,
2419,259,1041,65,13,288,271,700,787, ,
2446,261,958,34,26,292,267,738,832, ,
2471,245,888,76,10,292,283,753,885, ,
2497,237,862,55,21,299,262,770,893, ,
2525,256,857,60,9,299,282,745,856, ,
2559,254,866,27,27,318,275,745,790, ,
2584,266,913,27,27,438,279,712,708, ,
2610,326,980,42,13,379,320,646,599, ,
2636,353,1051,90,7,370,343,592,503, ,
2662,400,1100,112,16,414,382,524,450, ,
2688,388,1122,99,14,412,348,507,399, ,
2714,381,1167,81,35,448,334,499,361, ,
2739,379,1149,74,47,456,345,492,356, ,
2766,407,1115,112,20,437,360,494,363, ,
2793,373,1090,70,26,427,335,514,363, ,
2820,370,1046,84,26,419,329,544,429, ,
2845,349,1054,48,55,418,286,619,485, ,
2871,354,1051,83,13,418,307,613,511, ,
2897,378,1033,147,27,407,329,667,520, ,
2923,384,1031,62,24,407,344,710,579, ,
2949,381,977,68,41,430,368,733,598, ,
2975,382,1029,61,22,471,399,742,582, ,
3000,395,1114,37,38,483,407,754,578, ,
3027,379,1104,103,18,504,414,752,594, ,
3052,423,1094,105,18,499,424,754,594, ,
3081,380,1101,52,44,494,378,782,652, ,
3106,409,1100,56,52,477,394,787,649, ,
3133,391,1115,48,30,464,377,797,640, ,
3158,370,1145,42,84,471,348,787,626, ,
3184,406,1138,103,15,445,362,707,625, ,
3210,398,1145,91,49,430,341,767,629, ,
3236,397,1151,89,24,437,323,770,620, ,
3262,410,1149,153,19,445,349,760,632, ,
3288,416,1157,131,5,469,337,775,643, ,
3313,416,1149,138,24,499,338,785,617, ,
3340,368,1146,94,26,539,340,797,606, ,
3373,432,1108,121,19,561,375,787,609, ,
3400,414,1086,112,2,574,374,806,620, ,
3425,407,1048,63,11,584,368,838,641, ,
3452,409,1044,69,31,594,387,834,648, ,
3477,407,1041,73,21,596,378,839,630, ,
3503,401,1103,92,21,583,361,836,642, ,
3529,397,1047,48,45,575,336,867,654, ,
3555,398,1202,67,30,573,329,854,646, ,
3581,459,1220,108,11,530,364,829,615, ,
3607,460,1275,93,30,528,366,833,614, ,
3635,462,1303,125,21,532,348,819,611, ,
3661,430,1330,94,43,560,352,818,599, ,
3686,428,1286,68,45,563,358,793,560, ,
3713,388,1185,104,37,602,395,764,516, ,
3738,414,1102,82,35,596,428,758,500, ,
3765,392,1089,58,43,609,430,761,500, ,
3790,382,1038,41,58,606,427,783,536, ,
3817,358,1007,101,9,598,392,801,607, ,
3842,342,996,35,21,602,380,861,655, ,
3868,373,1030,38,31,577,365,871,688, ,
3894,404,1088,65,8,578,370,866,703, ,
3922,399,1156,17,46,566,343,879,677, ,
3948,419,1206,38,47,552,349,850,675, ,
3974,388,1263,60,12,562,347,816,646, ,
3999,430,1288,57,30,581,316,831,630, ,
4026,431,1327,71,45,580,328,829,646, ,
4051,440,1298,91,110,485,339,818,624, ,
4078,469,1289,109,6,577,378,824,612, ,
4103,459,1296,98,36,585,355,857,666, ,
4130,427,1230,55,52,553,334,916,737, ,
4155,396,1106,19,46,507,327,984,834, ,
4190,257,899,36,27,423,264,1133,1118, ,
4218,283,753,33,26,357,260,1213,1296, ,
4244,253,745,21,66,355,238,1234,1364, ,
4270,228,760,15,36,350,214,1234,1412, ,
4296,230,748,74,1,314,231,1229,1433, ,
4322,240,724,20,29,292,242,1256,1490, ,
4347,212,684,60,22,264,216,1254,1579, ,
4374,178,655,24,17,252,184,1280,1659, ,
4399,154,608,0,34,242,160,1301,1728, ,
4426,194,542,25,27,228,199,1300,1779, ,
4451,152,511,21,27,230,160,1329,1844, ,
4480,128,436,22,26,210,182,1353,1886, ,
4505,108,429,21,24,256,146,1372,1911, ,
4532,120,383,52,7,220,186,1381,1932, ,
4557,147,372,55,5,212,193,1379,1931, ,
4592,166,367,19,32,210,179,1398,1937, ,
4617,138,371,16,34,208,167,1400,1951, ,
4643,133,365,47,4,186,198,1386,1934, ,
4669,122,363,70,0,175,199,1394,1960, ,
4695,155,384,14,33,187,180,1432,1994, ,
4721,153,400,29,32,185,172,1438,2026, ,
4747,163,414,38,16,170,191,1453,2024, ,
4800,162,456,39,14,171,172,1432,1915, ,
4825,135,485,41,15,187,144,1446,1863, ,
4851,171,496,32,15,169,187,1421,1768, ,
4876,177,515,64,14,150,214,1384,1631, ,
4902,189,542,37,25,190,182,1348,1464, ,
4927,207,572,51,32,176,201,1284,1347, ,
4953,161,611,63,24,194,192,1242,1263, ,
4990,242,675,105,10,194,226,1113,1044, ,
5016,272,744,109,31,219,239,1053,907, ,
5041,275,787,158,34,232,229,1012,784, ,
5069,288,837,207,22,247,252,960,699, ,
5093,309,852,490,70,249,258,917,622, ,
5119,322,863,533,173,274,260,884,558, ,
5144,340,898,599,25,289,296,794,482, ,
5170,339,901,645,53,419,315,765,404, ,
5195,380,900,687,76,368,374,730,352, ,
5221,385,915,700,97,398,383,719,330, ,
5245,364,950,751,110,424,391,650,283, ,
5271,362,986,784,130,463,357,603,250, ,
5296,415,1006,811,150,360,385,582,239, ,
5322,389,1039,856,150,486,392,523,220, ,
5348,380,1037,891,167,484,388,542,234, ,
5391,365,1047,892,135,486,362,548,233, ,
5417,374,1046,977,175,578,366,491,194, ,
5442,336,1054,1008,194,484,363,421,161, ,
5468,341,1059,996,189,468,322,445,169, ,
5492,325,1031,1003,191,460,344,459,190, ,
5518,355,1024,1004,220,455,347,488,180, ,
5543,372,1012,1010,215,461,372,482,196, ,
5569,349,1023,1015,243,471,361,493,207, ,
5594,384,1039,996,240,466,376,506,212, ,
5621,396,1045,1013,237,436,384,541,241, ,
5646,385,1040,1027,246,495,393,551,248, ,
5672,404,1052,1012,242,513,410,578,248, ,
5697,453,1053,1026,238,525,426,601,259, ,
5723,429,1079,1010,250,542,428,658,291, ,
5748,460,1106,1006,246,523,441,723,360, ,
5791,502,1176,1069,237,533,428,801,422, ,
5817,517,1256,1111,249,520,393,788,412, ,
5842,527,1297,1180,264,519,392,773,407, ,
5868,501,1344,1179,260,502,370,736,391, ,
5894,513,1342,1206,265,477,340,732,377, ,
5920,511,1336,1192,260,450,349,734,392, ,
5945,484,1308,1129,243,416,324,784,459, ,
5971,450,1255,1018,230,380,281,875,514, ,
5995,416,1163,925,177,371,291,928,606, ,
6021,345,984,760,169,338,279,974,703, ,
6046,233,728,640,114,308,309,844,682, ,
6072,125,510,150,80,288,281,643,533, ,
6097,133,346,56,71,247,248,521,427, ,
6123,42,279,50,33,219,154,387,304, ,
6149,24,254,55,24,175,129,302,220, ,
6192,98,260,52,45,187,134,316,176, ,
6218,66,308,79,37,212,192,370,213, ,
6243,123,350,96,30,332,255,536,334, ,
6269,129,432,144,45,293,267,704,507, ,
6293,223,538,184,60,341,335,758,566, ,
6319,265,664,192,93,356,310,870,639, ,
6344,306,707,208,77,363,326,922,721, ,
6370,264,717,218,37,368,282,994,831, ,
6395,251,620,167,30,342,323,1010,904, ,
6421,249,576,168,36,335,330,983,870, ,
6447,252,562,70,65,346,323,1004,904, ,
6473,184,542,73,34,354,292,1074,1013, ,
6498,179,468,62,24,317,307,1139,1138, ,
6524,176,365,63,12,293,336,1198,1243, ,
6549,138,317,5,70,291,303,1222,1275, ,
6575,59,291,35,11,285,287,1248,1360, ,
6603,175,272,34,31,252,299,1345,1491, ,
6629,110,274,64,15,266,286,1438,1647, ,
6654,76,192,20,10,260,250,1501,1780, ,
6680,103,231,8,50,234,264,1528,1816, ,
6705,107,213,57,20,235,261,1508,1802, ,
6732,144,212,23,48,208,259,1520,1826, ,
6757,72,229,15,19,240,235,1529,1852, ,
6783,90,231,72,20,216,274,1533,1882, ,
6808,71,240,30,2,206,251,1562,1929, ,
6834,46,203,16,4,199,233,1549,1924, ,
6859,68,188,18,6,209,238,1542,1901, ,
6884,128,176,14,45,145,260,1545,1890, ,
6909,85,215,1,26,222,220,1562,1920, ,
6935,135,197,25,29,184,280,1580,1922, ,
6960,150,189,24,38,195,252,1582,1924, ,
7004,87,216,13,17,213,222,1588,1965, ,
7030,73,147,52,5,178,245,1587,1976, ,
7055,110,193,45,10,183,239,1587,1993, ,
7081,144,171,35,18,168,240,1604,1994, ,
7105,58,199,15,18,199,224,1606,2002, ,
7131,131,165,18,27,191,231,1619,1987, ,
7156,74,174,5,16,205,223,1605,1978, ,
7182,42,160,43,11,179,230,1611,1996, ,
7217,37,176,60,7,202,229,1620,1994, ,
7257,64,187,3,33,185,229,1635,2002, ,
7282,74,169,3,19,190,211,1639,2019, ,
7309,113,153,11,24,155,233,1651,2014, ,
7333,114,155,23,23,170,253,1633,2012, ,
7359,106,157,38,10,176,243,1628,2023, ,
7404,116,167,72,4,151,239,1601,2023, ,
7430,103,186,42,4,168,231,1578,1987, ,
7455,116,214,15,18,167,217,1537,1888, ,
7480,136,216,29,8,153,231,1471,1743, ,
7505,96,231,65,5,166,223,1314,1532, ,
7531,72,278,17,24,183,189,1123,1239, ,
7555,94,282,35,26,177,166,911,910, ,
7581,74,356,41,6,164,179,751,664, ,
7607,110,513,15,61,193,161,656,426, ,
7632,205,629,89,4,211,228,647,373, ,
7657,266,863,150,21,267,235,771,441, ,
7682,438,1157,287,29,298,302,891,491, ,
7707,549,1477,404,23,365,338,1074,606, ,
7732,648,1755,659,53,435,348,1193,665, ,
7757,720,1945,714,25,492,380,1206,672, ,
7782,775,2085,679,42,521,415,1163,627, ,
7807,768,2114,631,59,535,413,1052,539, ,
7832,700,2098,596,55,570,432,907,422, ,
7859,647,1999,651,34,558,370,722,330, ,
7884,554,1838,338,76,550,326,590,244, ,
7909,484,1642,320,29,522,328,476,191, ,
7934,335,1430,201,55,517,268,391,159, ,
7959,316,1214,162,18,471,296,325,162, ,
7984,233,1050,101,32,436,273,333,111, ,
8009,232,922,77,47,414,277,350,137, ,
8034,249,832,59,26,410,292,399,171, ,
8059,215,796,44,23,425,270,492,236, ,
8084,241,747,43,10,417,318,579,298, ,
8109,236,709,42,33,430,327,658,360, ,
8135,193,646,37,32,451,319,679,421, ,
8160,180,604,49,24,430,313,696,460, ,
8206,225,534,42,31,397,340,888,677, ,
8231,214,566,34,27,427,348,944,747, ,
8257,247,642,43,27,450,364,1058,858, ,
8282,302,768,49,24,470,405,1242,1067, ,
8308,387,950,46,32,498,400,1416,1228, ,
8333,431,1080,76,31,528,404,1484,1272, ,
8358,468,1170,124,14,567,433,1490,1262, ,
8383,473,1196,121,22,464,442,1435,1216, ,
8411,449,1112,109,13,556,451,1350,1143, ,
8435,397,985,98,20,536,432,1260,1085, ,
8461,280,828,48,34,502,363,1174,1015, ,
8486,247,697,99,14,472,355,1048,919, ,
8512,237,597,34,28,426,350,960,842, ,
8537,180,508,12,24,420,345,897,706, ,
8563,141,463,9,42,415,321,857,677, ,
8607,199,412,57,18,411,402,855,682, ,
8633,157,464,56,11,454,370,924,756, ,
8658,202,504,65,15,456,393,969,815, ,
8684,232,568,46,22,488,393,1038,866, ,
8710,233,691,38,19,508,357,1123,941, ,
8736,307,784,44,43,497,378,1222,1022, ,
8761,363,893,59,54,492,361,1267,1096, ,
8787,345,973,66,42,489,322,1294,1176, ,
8811,256,1009,38,54,474,297,1302,1172, ,
8837,323,1004,70,29,427,312,1267,1183, ,
8862,303,960,51,34,415,289,1260,1186, ,
8888,285,873,54,16,363,278,1243,1222, ,
8913,228,803,25,37,347,257,1258,1254, ,
8939,239,725,27,22,327,265,1270,1319, ,
8965,238,653,30,30,318,276,1302,1365, ,
9012,213,637,16,33,286,237,1353,1488, ,
9038,169,664,47,33,289,220,1374,1593, ,
9063,188,664,29,36,255,250,1406,1595, ,
9088,235,692,53,2,250,237,1399,1619, ,
9113,235,711,67,0,240,256,1402,1630, ,
9139,255,759,36,32,254,220,1425,1633, ,
9164,300,787,82,4,229,233,1401,1647, ,
9190,281,832,35,26,228,218,1403,1644, ,
9215,265,868,56,21,227,205,1371,1631, ,
9240,310,895,56,38,211,152,1366,1618, ,
9272,289,956,89,14,204,195,1336,1625, ,
9297,348,955,43,24,205,201,1344,1598, ,
9322,329,1010,24,34,216,189,1328,1578, ,
9347,364,1033,42,8,205,201,1324,1596, ,
9372,376,1051,86,0,182,209,1306,1591, ,
9411,394,1046,27,51,206,214,1335,1600, ,
9437,388,1015,71,6,208,241,1341,1624, ,
9462,355,1014,14,27,209,212,1373,1636, ,
9487,325,990,19,25,238,206,1378,1663, ,
9513,349,973,48,41,225,241,1395,1679, ,
9539,333,957,8,55,233,219,1412,1703, ,
9565,313,955,88,4,235,232,1402,1728, ,
9590,286,950,44,25,242,205,1404,1725, ,
9615,299,976,16,38,238,199,1410,1708, ,
9640,311,965,4,55,240,205,1414,1688, ,
9665,354,974,22,60,230,226,1399,1640, ,
9690,325,1005,19,28,249,224,1374,1549, ,
9715,377,1017,62,26,231,257,1340,1499, ,
9740,343,1044,60,27,256,218,1334,1455, ,
9765,345,1060,31,51,247,223,1314,1414, ,
9812,401,1063,40,21,225,216,1289,1370, ,
9839,424,1054,81,10,212,250,1268,1381, ,
9865,374,1080,59,48,202,201,1290,1437, ,
9889,418,1047,65,9,219,242,1303,1452, ,
9915,375,1039,26,30,218,203,1294,1450, ,
9940,367,1038,41,37,222,192,1256,1414, ,
9966,385,1023,78,26,212,164,1227,1375, ,
9991,412,1023,97,6,184,186,1185,1340, ,
10017,378,1016,64,26,172,189,1196,1298, ,
10041,404,1018,70,34,181,193,1197,1283, ,
10067,377,1006,91,44,183,146,1177,1268, ,
10093,380,999,104,19,178,181,1137,1258, ,
10119,420,992,85,56,165,206,1152,1234, ,
10144,407,989,98,36,155,181,1129,1216, ,
10180,396,995,79,62,175,153,1123,1204, ,
10225,355,1003,74,55,173,215,1123,1244, ,
10249,465,997,119,20,154,206,1133,1264, ,
10275,332,1019,96,39,162,154,1251,1330, ,
10299,362,1033,81,56,168,196,1208,1341, ,
10325,392,1037,126,8,165,207,1184,1364, ,
10349,386,1024,111,7,123,143,1197,1405, ,
10377,335,1032,117,1,139,159,1163,1405, ,
10401,348,1045,125,1,119,156,1141,1308, ,
10427,297,1091,86,32,153,88,1180,1384, ,
10451,306,1096,90,27,129,115,1211,1408, ,
10477,296,1110,120,33,138,107,1152,1345, ,
10501,319,1108,157,12,120,104,1159,1389, ,
10527,358,1099,157,25,116,159,1199,1379, ,
10552,341,1083,223,16,150,161,1189,1297, ,
10577,353,1079,221,23,179,144,1273,1330, ,
10614,421,1122,252,26,179,201,1355,1415, ,
10641,452,1181,290,10,194,214,1397,1444, ,
10666,461,1251,320,40,234,174,1470,1469, ,
10692,480,1312,334,43,245,182,1504,1487, ,
10716,487,1339,367,45,258,202,1513,1486, ,
10742,479,1356,378,25,265,221,1487,1468, ,
10766,492,1294,350,25,310,251,1461,1434, ,
10792,435,1234,274,59,260,226,1435,1434, ,
10816,419,1148,316,19,264,229,1400,1429, ,
10842,407,1094,229,9,256,250,1356,1371, ,
10866,344,1053,180,43,269,208,1325,1308, ,
10892,333,1029,171,25,291,216,1272,1221, ,
10918,383,999,154,25,276,266,1206,1091, ,
10944,352,973,161,28,297,276,1131,1019, ,
10968,341,953,156,9,316,277,1084,885, ,
11015,331,908,128,22,365,295,1030,838, ,
11041,269,876,89,60,409,287,1041,822, ,
11065,309,822,71,31,406,333,1042,825, ,
11091,249,819,99,109,415,301,1072,879, ,
11115,274,746,75,17,417,351,1117,944, ,
11141,233,710,27,23,442,300,1178,999, ,
11165,227,660,67,23,418,326,1201,1065, ,
11192,247,629,51,19,405,348,1241,1137, ,
11217,219,629,8,41,405,319,1267,1157, ,
11242,211,623,40,12,400,312,1255,1172, ,
11267,206,642,28,29,399,322,1243,1156, ,
11293,180,653,63,10,369,289,1141,1043, ,
11317,203,643,25,23,347,279,1051,948, ,
11343,156,574,40,18,313,241,944,815, ,
11367,144,486,31,15,257,215,770,697, ,
11393,47,399,32,6,227,175,624,557, ,
11417,93,300,60,8,166,182,531,444, ,
11443,28,233,70,7,124,155,491,387, ,
11469,80,198,27,25,106,108,477,365, ,
11494,41,175,72,12,93,145,426,337, ,
11519,13,182,24,11,116,107,409,326, ,
11544,47,215,10,29,126,98,400,275, ,
11569,31,185,40,10,111,162,386,267, ,
11594,6,214,73,0,142,155,366,262, ,
11619,111,176,32,31,106,161,342,185, ,
11644,56,162,41,12,132,133,274,122, ,
11669,38,124,0,44,87,88,190,77, ,
11694,26,87,4,18,93,72,186,46, ,
11719,43,14,35,15,22,67,161,25, ,
11746,19,42,27,24,35,76,175,35, ,
11770,27,36,12,34,41,56,152,25, ,
11817,18,19,65,19,33,97,151,16, ,
11843,27,17,34,32,47,96,163,35, ,
11867,7,40,28,5,25,88,141,20, ,
11893,30,29,21,18,33,90,148,29, ,
11917,30,27,69,32,31,87,132,22, ,
11943,35,21,6,13,54,98,179,22, ,
11967,20,41,32,28,42,70,130,27, ,
11993,23,20,30,22,29,97,121,27, ,
12017,17,21,28,22,54,82,122,21, ,
12043,21,47,128,11,31,93,115,13, ,
12069,37,25,104,26,41,85,120,29, ,
12094,29,36,131,31,33,78,107,20, ,
12119,34,33,97,36,22,84,117,29, ,
12144,38,29,8,15,25,73,114,43, ,
12169,21,22,21,26,34,90,101,24, ,
12194,14,24,23,52,23,79,110,29, ,
12219,25,31,12,17,29,85,101,27, ,
12244,31,20,31,17,18,81,100,25, ,
12269,22,24,22,26,17,87,89,14, ,
12294,26,94,27,17,31,77,109,25, ,
12319,24,21,39,19,15,74,104,22, ,
12345,12,15,27,22,18,81,98,24, ,
12369,10,25,18,13,15,112,98,16, ,
12396,13,26,15,28,25,88,89,17, ,
12420,19,17,20,22,23,77,73,23, ,
12446,25,30,19,31,27,95,84,17, ,
12470,21,30,27,24,27,83,97,10, ,
12496,20,16,9,40,13,83,89,16, ,
12521,11,38,21,27,32,95,80,26, ,
12546,22,22,12,16,32,89,81,27, ,
12571,25,42,28,39,37,79,71,22, ,
12596,20,32,20,66,18,85,77,13, ,
12621,43,30,19,14,22,85,66,19, ,
12646,24,27,31,9,14,86,64,25, ,
12671,5,19,27,17,42,102,60,21, ,
12698,30,18,47,14,19,94,53,22, ,
12722,27,24,20,24,15,92,62,20, ,
12748,27,20,18,30,22,93,58,15, ,
12772,13,24,18,38,15,168,64,30, ,
12798,12,27,17,36,28,85,61,26, ,
12822,26,21,18,9,28,85,50,23, ,
12848,21,20,12,35,19,88,61,23, ,
12872,29,23,8,34,26,90,33,19, ,
12898,34,22,19,24,68,60,48,20, ,
12922,6,20,11,19,16,78,62,14, ,
12948,11,27,24,18,14,83,53,26, ,
12972,27,22,23,40,17,86,51,23, ,
12998,22,19,17,13,23,82,45,18, ,
13024,43,21,18,7,26,83,44,22, ,
13049,66,21,17,16,20,91,52,25, ,
13074,17,23,4,19,14,82,52,17, ,
13100,16,24,7,22,32,92,47,27, ,
13124,28,27,8,19,34,101,57,18, ,
13150,47,10,13,22,28,85,59,18, ,
13174,17,31,22,13,20,87,48,21, ,
13200,17,15,21,21,26,119,26,19, ,
13224,30,21,28,14,25,70,43,29, ,
13250,31,14,30,10,19,91,44,16, ,
13274,21,15,19,28,21,84,35,25, ,
13300,11,33,6,20,18,94,42,29, ,
13326,23,24,32,26,25,83,37,31, ,
13351,24,24,31,10,35,89,50,17, ,
13376,17,14,33,18,27,89,40,17, ,
13421,24,15,19,25,31,95,47,28, ,
13447,15,17,32,20,33,89,41,23, ,
13471,34,26,12,15,26,95,38,22, ,
13497,23,10,9,69,29,86,41,30, ,
13521,24,28,29,32,38,93,38,24, ,
13547,23,16,29,22,25,85,47,26, ,
13571,31,16,14,29,16,87,38,14, ,
13597,33,23,18,44,25,89,41,24, ,
13621,33,18,19,34,25,94,43,15, ,
13647,26,24,29,26,15,82,121,16, ,
13673,22,14,21,31,13,79,45,23, ,
13698,20,16,5,20,29,89,46,11, ,
13723,127,15,23,28,11,95,48,17, ,
13748,15,34,20,19,29,87,45,30, ,
13773,23,39,24,14,31,82,42,27, ,
13798,33,82,36,25,18,91,47,18, ,
13831,35,14,18,22,45,87,46,17, ,
13857,16,4,10,36,21,90,42,21, ,
13881,22,24,24,25,24,81,37,11, ,
13907,35,49,23,10,23,85,42,19, ,
13931,16,23,13,36,19,92,41,30, ,
13957,30,19,17,38,9,96,53,26, ,
13989,36,30,19,24,18,91,46,20, ,
14014,23,9,27,26,23,82,40,34, ,
14039,31,34,25,17,20,96,36,28, ,
14064,35,20,23,30,10,88,37,14, ,
14089,32,36,19,18,28,61,35,27, ,
14113,17,17,10,18,29,87,45,21, ,
14138,34,60,20,23,14,85,40,14, ,
14163,22,19,21,15,26,95,39,21, ,
14188,38,11,27,23,35,89,20,20, ,
14231,14,43,30,25,27,86,36,24, ,
14257,22,21,26,28,16,69,33,16, ,
14281,31,113,9,15,23,72,30,14, ,
14306,24,27,33,35,27,75,29,9, ,
14333,13,113,27,64,19,83,38,22, ,
14358,25,26,24,27,10,76,27,19, ,
14382,26,15,30,17,32,79,34,22, ,
14407,29,13,29,36,19,82,27,20, ,
14432,19,18,22,19,16,102,25,23, ,
14457,21,27,10,23,26,82,18,20, ,
14482,12,23,31,23,22,88,17,31, ,
14507,16,36,21,38,16,80,26,15, ,
14532,100,13,18,25,18,89,32,14, ,
14557,11,26,20,9,21,77,31,28, ,
14581,32,18,15,35,15,86,52,11, ,
14606,17,39,48,32,22,76,43,24, ,
14632,21,25,25,16,29,81,33,23, ,
14657,23,21,28,30,29,78,38,27, ,
14682,16,21,46,13,37,75,44,18, ,
14707,25,13,38,37,23,83,27,8, ,
14731,25,16,12,21,35,83,46,26, ,
14756,29,26,16,28,24,75,36,11, ,
14781,42,19,22,23,14,81,42,33, ,
14806,33,14,22,21,20,87,29,16, ,
14830,40,9,36,14,26,85,48,4, ,
14855,31,34,17,33,29,86,40,19, ,
14879,19,18,72,111,21,84,39,12, ,
14904,32,23,35,25,27,94,35,31, ,
14929,25,26,16,14,17,81,28,17, ,
14955,12,31,22,26,21,89,42,23, ,
14980,35,34,14,28,27,87,37,16, ,
15005,29,26,27,27,41,107,34,25, ,
15032,24,13,19,35,13,79,42,15, ,
15057,19,17,22,59,13,94,38,28, ,
15082,23,24,16,29,33,97,50,16, ,
15107,31,26,19,30,29,92,27,18, ,
15131,18,11,20,37,22,87,31,10, ,
15156,17,18,22,38,28,96,40,24, ,
15181,25,19,39,23,7,87,41,18, ,
15206,38,25,21,11,42,84,21,22, ,
15230,49,16,20,24,20,92,39,24, ,
15256,28,26,30,29,25,82,16,22, ,
15281,14,38,28,36,20,80,25,22, ,
15306,37,23,13,33,15,90,42,23, ,
15331,20,26,20,23,22,87,31,21, ,
15356,9,29,18,17,15,88,20,23, ,
15381,26,13,25,42,42,87,29,31, ,
15406,35,13,26,18,11,90,25,18, ,
15433,40,31,35,37,31,89,37,8, ,
15458,31,54,19,13,18,91,28,20, ,
15483,14,12,25,16,24,86,31,24, ,
15508,23,17,32,9,12,81,32,13, ,
15533,21,16,28,17,20,94,24,22, ,
15558,28,33,23,27,24,92,29,13, ,
15584,24,25,15,14,124,74,30,23, ,
15609,28,38,10,23,21,68,36,22, ,
15633,16,19,26,13,20,87,25,27, ,
15658,8,10,25,11,15,92,24,11, ,
15682,19,18,38,30,31,97,37,16, ,
15707,29,19,30,21,20,92,34,23, ,
15732,25,19,28,39,20,87,41,8, ,
15757,25,33,32,22,23,88,25,23, ,
15782,34,33,44,33,21,90,31,31, ,
15807,26,26,36,25,26,86,20,18, ,
15833,33,24,22,31,24,100,17,17, ,
15858,29,23,34,41,26,85,26,28, ,
15885,18,10,21,17,19,87,32,12, ,
15910,30,33,13,17,19,75,31,19, ,
15935,29,26,15,30,19,97,30,21, ,
15960,139,9,28,32,10,90,32,23, ,
15984,6,21,20,27,27,96,33,5, ,
16009,47,21,26,107,22,81,31,22, ,
16034,27,18,28,23,9,87,25,20, ,
16059,31,39,49,45,26,91,29,16, ,
16084,12,16,15,23,31,88,22,18, ,
16109,13,28,24,25,35,93,24,22, ,
16134,22,14,34,37,25,86,32,26, ,
16159,91,16,21,19,10,76,27,22, ,
16183,21,31,12,33,15,78,31,24, ,
16209,17,21,35,28,32,87,29,18, ,
16235,12,22,50,22,20,92,30,31, ,
16260,20,24,8,36,27,69,38,23, ,
16284,25,28,17,32,22,86,32,22, ,
16309,105,24,24,37,20,85,29,26, ,
16334,26,29,31,29,19,83,34,31, ,
16359,19,17,20,19,35,68,34,8, ,
16384,24,10,20,38,24,76,35,9, ,
16409,3,21,63,14,26,98,28,18, ,
16433,35,14,18,16,31,83,34,31, ,
16458,23,26,28,28,30,85,35,21, ,
16483,18,11,18,23,26,84,33,15, ,
16510,23,25,21,36,34,79,34,12, ,
16535,26,22,25,27,18,79,22,31, ,
16560,24,11,23,36,22,85,35,26, ,
16585,24,22,27,35,24,81,37,22, ,
16610,17,25,25,19,21,86,32,19, ,
16635,32,30,11,25,6,86,35,27, ,
16660,35,36,14,26,8,81,23,18, ,
16684,18,18,32,32,21,88,30,26, ,
16709,19,13,19,22,39,86,41,22, ,
16734,18,20,21,32,29,61,29,14, ,
16759,15,31,18,31,37,70,26,28, ,
16784,15,26,14,26,8,93,25,16, ,
16809,15,20,9,18,24,81,43,23, ,
16835,20,6,32,54,20,87,34,25, ,
16860,20,20,16,27,60,71,24,28, ,
16885,32,16,12,31,28,83,30,19, ,
16910,17,18,19,24,22,89,33,28, ,
16934,24,30,18,28,22,84,24,3, ,
16959,8,25,20,11,45,93,23,19, ,
16984,29,25,22,46,23,88,30,21, ,
17009,26,37,18,25,33,88,31,8, ,
17035,19,28,35,24,33,93,25,37, ,
17060,19,10,31,19,18,96,24,6, ,
17085,31,22,8,36,14,89,24,22, ,
17110,17,28,15,29,40,80,24,21, ,
17134,13,27,28,25,24,91,29,24, ,
17161,34,19,31,21,37,93,34,23, ,
17186,21,20,28,14,20,95,25,30, ,
17211,27,32,12,13,18,82,21,21, ,
17236,29,31,27,47,19,84,30,11, ,
17261,14,13,9,42,13,102,35,23, ,
17285,29,17,27,33,13,88,25,27, ,
17310,11,18,32,45,12,90,29,26, ,
17334,24,32,13,13,19,88,27,22, ,
17359,28,26,33,20,22,93,33,28, ,
17384,25,8,30,64,73,91,27,26, ,
17409,47,33,31,30,16,100,30,15, ,
17435,20,25,16,22,24,102,35,31, ,
17462,14,28,24,30,25,95,24,9, ,
17487,26,23,34,16,26,96,17,34, ,
17512,31,11,37,35,27,93,25,33, ,
17537,20,20,10,27,16,102,35,26, ,
17562,37,10,17,21,17,101,30,28, ,
17587,11,26,13,25,26,95,28,30, ,
17612,28,28,25,19,30,97,30,17, ,
17636,30,30,18,38,8,94,40,33, ,
17661,32,28,21,20,21,96,34,31, ,
17686,22,32,23,23,21,79,22,35, ,
17711,46,30,23,27,18,99,24,23, ,
17735,14,19,31,24,25,84,23,14, ,
17760,37,25,37,21,33,89,23,25, ,
17786,23,18,21,15,8,90,23,19, ,
17811,25,16,9,27,25,97,19,26, ,
17837,31,31,25,37,18,84,29,27, ,
17862,33,22,19,21,16,177,25,27, ,
17886,94,14,28,11,17,91,26,22, ,
17911,20,24,11,24,21,86,26,15, ,
17936,16,15,28,23,38,76,19,20, ,
17961,42,24,17,27,32,97,17,14, ,
17986,19,13,21,27,15,98,24,30, ,
18011,46,35,31,29,33,96,34,24, ,
18035,20,12,7,20,8,89,22,12, ,
18060,12,16,18,27,45,94,18,40, ,
18086,51,25,23,29,13,82,26,18, ,
18111,18,9,16,30,8,100,18,18, ,
18135,29,29,34,22,18,92,25,12, ,
18160,27,10,33,18,14,100,25,25, ,
18185,55,18,30,22,21,92,33,25, ,
18210,26,8,23,31,16,116,17,15, ,
18236,24,8,32,27,35,97,20,16, ,
18261,23,23,20,19,24,93,28,35, ,
18286,16,12,11,12,22,96,31,23, ,
18311,26,31,18,29,37,93,18,26, ,
18335,13,15,20,23,21,97,14,31, ,
18360,27,29,28,24,33,97,27,22, ,
18385,14,7,24,21,14,93,27,26, ,
18411,30,33,24,25,16,89,33,13, ,
18435,16,17,18,9,19,96,26,17, ,
18460,29,25,7,32,31,95,24,20, ,
18485,14,11,10,31,26,87,34,7, ,
18510,25,38,30,21,23,98,27,19, ,
18535,28,24,31,28,23,96,32,13, ,
18560,26,17,18,24,41,101,22,27, ,
18585,26,20,40,20,36,85,31,21, ,
18610,34,29,36,13,25,95,18,11, ,
18637,18,17,16,23,32,110,12,26, ,
18662,23,27,25,20,39,93,28,31, ,
18687,28,30,21,27,45,87,22,19, ,
18713,39,42,21,32,33,84,22,16, ,
18738,35,25,20,17,15,103,26,28, ,
18763,14,24,20,27,25,93,33,24, ,
18788,40,16,11,24,26,99,26,11, ,
18813,13,19,17,24,25,94,17,20, ,
18837,21,40,26,55,19,104,24,21, ,
18862,16,27,7,23,26,100,24,26, ,
18886,14,26,18,33,22,96,24,21, ,
18911,20,29,19,39,44,104,47,17, ,
18936,22,21,6,30,21,102,27,31, ,
18961,23,19,14,19,28,107,25,22, ,
18985,32,10,24,18,22,99,30,19, ,
19010,13,39,21,28,34,97,32,4, ,
19041,30,14,19,21,31,95,22,18, ,
19066,31,20,23,25,23,105,25,19, ,
19090,33,21,31,40,29,94,14,28, ,
19116,31,26,28,22,26,98,17,19, ,
19140,13,21,27,40,21,91,31,30, ,
